Search Query,Product Name,Price,Brand
book,"Ankerkraut barbecue book set with 6 shakers, 1320g spices plus book in a bundle",24.89,Besuche den Ankerkraut-Store
book,Gourmet Spice Gift Set with Book | Charlotte's Finest Organic Spices Set Gift Set | Gift box + book taste explosion,16.99,Charlottes Finest
book,Kellogg's Breakfast Advent Calendar Book RED,31.98,Handelshaus Huber-Koelle
book,Kellogg's Breakfast Advent Calendar Book BLUE,31.3,Handelshaus Huber-Koelle
book,Beer set/with beer book/men's gifts/birthday gift set for him,27.89,monatsgeschenke.de
book,Vives' exercise book A5 44 sheets,2.99,nan
book,Basilur Tea Book Collection vol. 1 tea set gift set gift ideas,11.99,rumarkt
book,"Beer Gifts/Beer Book, Gift Cards and More/Birthday Gift Set",27.89,monatsgeschenke.de
book,"Roasted hemp seeds from Germany 200g + digital recipe book, grown in Germany",9.99,Hanfoo
book,GUSTONE. Premium Truffle Collection - Chocolate Truffles by Torroneria Piemontese (Gift Book),7.49,GUSTONE.
